id,name,types,reviewsLink,primaryType
ChIJo5EYOK_4mUcRi4shjNiEDUc,"{'text': 'Boxenstop', 'languageCode': 'de'}","bar, restaurant, food, point_of_interest, establishment",https://www.google.com/maps/place//data=!4m4!3m3!1s0x4799f8af381891a3:0x470d84d88c218b8b!9m1!1b1,bar
ChIJ_VfiMxj6mUcRRK_QBdxww7g,"{'text': 'Alte Krone', 'languageCode': 'de'}","italian_restaurant, liquor_store, restaurant, food, point_of_interest, store, establishment",https://www.google.com/maps/place//data=!4m4!3m3!1s0x4799fa1833e257fd:0xb8c370dc05d0af44!9m1!1b1,italian_restaurant
ChIJ_VWb4xn6mUcRH4NujtHMKJI,"{'text': 'Café Kult Dußlingen', 'languageCode': 'de'}","cafe, coffee_shop, breakfast_restaurant, restaurant, food_store, food, point_of_interest, store, establishment",https://www.google.com/maps/place//data=!4m4!3m3!1s0x4799fa19e39b55fd:0x9228ccd18e6e831f!9m1!1b1,cafe
ChIJ3xCcNgDxmUcRtLLUkaG5wY8,"{'text': ""La piccola s'Casa Imbiss Pizza"", 'languageCode': 'de'}","pizza_restaurant, restaurant, food, point_of_interest, establishment",https://www.google.com/maps/place//data=!4m4!3m3!1s0x4799f100369c10df:0x8fc1b9a191d4b2b4!9m1!1b1,pizza_restaurant
ChIJ3bJ1WPDxmUcRBC55YV0woIA,"{'text': ""s'Casa"", 'languageCode': 'de'}","bar, restaurant, food, point_of_interest, establishment",https://www.google.com/maps/place//data=!4m4!3m3!1s0x4799f1f05875b2dd:0x80a0305d61792e04!9m1!1b1,bar
ChIJT4FlA7zwmUcRcrmR1JIlwm8,"{'text': 'Nazar Imbiss', 'languageCode': 'de'}","restaurant, food, point_of_interest, establishment",https://www.google.com/maps/place//data=!4m4!3m3!1s0x4799f0bc0365814f:0x6fc22592d491b972!9m1!1b1,restaurant
ChIJ5dhz-EXxmUcRuZTn4wsBpQs,"{'text': 'Trattoria Da Daniele - Italienisches Restaurant in Gomaringen', 'languageCode': 'de'}","italian_restaurant, pizza_restaurant, fast_food_restaurant, restaurant, food, point_of_interest, establishment",https://www.google.com/maps/place//data=!4m4!3m3!1s0x4799f145f873d8e5:0xba5010be3e794b9!9m1!1b1,italian_restaurant
ChIJyfOQ32r6mUcRlmkEAh1apbs,"{'text': 'Gasthaus Schützenhaus / Partyservice Kaltenmark', 'languageCode': 'de'}","restaurant, catering_service, food_delivery, bar, point_of_interest, food, establishment",https://www.google.com/maps/place//data=!4m4!3m3!1s0x4799fa6adf90f3c9:0xbba55a1d02046996!9m1!1b1,restaurant
ChIJKTNtZZjwmUcRtKWjb8U2YqI,"{'text': 'Wirtshaus Krone', 'languageCode': 'de'}","restaurant, food, point_of_interest, establishment",https://www.google.com/maps/place//data=!4m4!3m3!1s0x4799f098656d3329:0xa26236c56fa3a5b4!9m1!1b1,restaurant
ChIJ21ldIJXwmUcRqVJwdqcHroA,"{'text': 'Bakery Schmid ""cafe cult""', 'languageCode': 'en'}","bakery, breakfast_restaurant, food_store, store, restaurant, point_of_interest, food, establishment",https://www.google.com/maps/place//data=!4m4!3m3!1s0x4799f095205d59db:0x80ae07a7767052a9!9m1!1b1,bakery
ChIJy9BCYNr9mUcRKQBU3lnANgo,"{'text': 'Café im Dreikönig', 'languageCode': 'de'}","cafe, restaurant, point_of_interest, food, establishment",https://www.google.com/maps/place//data=!4m4!3m3!1s0x4799fdda6042d0cb:0xa36c059de540029!9m1!1b1,cafe
ChIJeSaF9XD8mUcRDm3he7lkuMA,"{'text': 'Sportgaststätte Kiebingen', 'languageCode': 'de'}","restaurant, food, point_of_interest, establishment",https://www.google.com/maps/place//data=!4m4!3m3!1s0x4799fc70f5852679:0xc0b864b97be16d0e!9m1!1b1,restaurant
ChIJk0bQgJr7mUcR-CKFCw2h2KY,"{'text': 'Sportheim Bühl Inh. Gerardo Carbonaro', 'languageCode': 'de'}","restaurant, italian_restaurant, pizza_restaurant, point_of_interest, food, establishment",https://www.google.com/maps/place//data=!4m4!3m3!1s0x4799fb9a80d04693:0xa6d8a10d0b8522f8!9m1!1b1,restaurant
ChIJN7o495b7mUcRgQbaxkTIkXo,"{'text': 'Schützenhaus Bühl Restaurant Taverne', 'languageCode': 'de'}","greek_restaurant, restaurant, point_of_interest, food, establishment",https://www.google.com/maps/place//data=!4m4!3m3!1s0x4799fb96f738ba37:0x7a91c844c6da0681!9m1!1b1,greek_restaurant
ChIJBctfifbwmUcRrXoViGlewME,"{'text': 'Sportgaststätte Reinenberg La Corte', 'languageCode': 'en'}","italian_restaurant, restaurant, food, point_of_interest, establishment",https://www.google.com/maps/place//data=!4m4!3m3!1s0x4799f0f6895fcb05:0xc1c05e6988157aad!9m1!1b1,italian_restaurant
ChIJU3_pY4T7mUcREub8_JVTsJc,"{'text': ""Gasthof 's Gräbele"", 'languageCode': 'de'}","restaurant, inn, hotel, lodging, food, point_of_interest, establishment",https://www.google.com/maps/place//data=!4m4!3m3!1s0x4799fb8463e97f53:0x97b05395fcfce612!9m1!1b1,restaurant
ChIJIbTkHI37mUcRoDRmzFClAN4,"{'text': 'Dönerrizza', 'languageCode': 'de'}","restaurant, turkish_restaurant, meal_takeaway, food, point_of_interest, establishment",https://www.google.com/maps/place//data=!4m4!3m3!1s0x4799fb8d1ce4b421:0xde00a550cc6634a0!9m1!1b1,restaurant
ChIJG3kcYNz7mUcR5ZdgCEXB3-I,"{'text': 'ON Börek & Bakery (Turkish Bakery)', 'languageCode': 'en'}","bakery, turkish_restaurant, catering_service, food_delivery, event_venue, restaurant, food_store, store, food, point_of_interest, establishment",https://www.google.com/maps/place//data=!4m4!3m3!1s0x4799fbdc601c791b:0xe2dfc145086097e5!9m1!1b1,bakery
ChIJ9e2hy3X7mUcRAJJ8PtNdcAQ,"{'text': 'Eddy’s Imbiss', 'languageCode': 'de'}","meal_takeaway, restaurant, food, point_of_interest, establishment",https://www.google.com/maps/place//data=!4m4!3m3!1s0x4799fb75cba1edf5:0x4705dd33e7c9200!9m1!1b1,meal_takeaway
ChIJhxRbsgv7mUcRMjO-1R7lUtk,"{'text': 'Gasthaus Hirsch Kilchberg', 'languageCode': 'de'}","restaurant, point_of_interest, food, establishment",https://www.google.com/maps/place//data=!4m4!3m3!1s0x4799fb0bb25b1487:0xd952e51ed5be3332!9m1!1b1,restaurant
ChIJd8nlXKr7mUcRO6iJzDp3sUQ,"{'text': 'Schützenhaus Weilheim', 'languageCode': 'de'}","restaurant, food, point_of_interest, establishment",https://www.google.com/maps/place//data=!4m4!3m3!1s0x4799fbaa5ce5c977:0x44b1773acc89a83b!9m1!1b1,restaurant
ChIJZxx-Kln6mUcROzIKQaLPWq4,"{'text': 'Restaurant Schloss Kressbach', 'languageCode': 'de'}","restaurant, point_of_interest, food, establishment",https://www.google.com/maps/place//data=!4m4!3m3!1s0x4799fa592a7e1c67:0xae5acfa2410a323b!9m1!1b1,restaurant
ChIJEbY0PWfwmUcRX3ULHIUZ0S0,"{'text': ""Mayer's Waldhorn"", 'languageCode': 'en'}","restaurant, catering_service, food_delivery, hotel, lodging, point_of_interest, food, establishment",https://www.google.com/maps/place//data=!4m4!3m3!1s0x4799f0673d34b611:0x2dd119851c0b755f!9m1!1b1,restaurant
ChIJ4VPJNj3xmUcR74Qh7Q0iz_k,"{'text': ""Mayer's Sommergarten"", 'languageCode': 'de'}","bar, restaurant, point_of_interest, food, establishment",https://www.google.com/maps/place//data=!4m4!3m3!1s0x4799f13d36c953e1:0xf9cf220ded2184ef!9m1!1b1,bar
ChIJARhATH37mUcRyRmMLZdZkKw,"{'text': 'Pizzeria -Sportlerstube Hirschau', 'languageCode': 'de'}","italian_restaurant, restaurant, food, point_of_interest, establishment",https://www.google.com/maps/place//data=!4m4!3m3!1s0x4799fb7d4c401801:0xac9059972d8c19c9!9m1!1b1,italian_restaurant
ChIJnQwYNXf7mUcRQiKytCB8Vn0,"{'text': 'EAT HAPPY', 'languageCode': 'de'}","sushi_restaurant, meal_takeaway, japanese_restaurant, restaurant, food, point_of_interest, establishment",https://www.google.com/maps/place//data=!4m4!3m3!1s0x4799fb7735180c9d:0x7d567c20b4b22242!9m1!1b1,meal_takeaway
ChIJ66taiuz6mUcRFSLyQ1zeZug,"{'text': 'Sportgaststätte TV Derendingen', 'languageCode': 'de'}","restaurant, food, point_of_interest, establishment",https://www.google.com/maps/place//data=!4m4!3m3!1s0x4799faec8a5aabeb:0xe866de5c43f22215!9m1!1b1,restaurant
ChIJJefnUwD7mUcRw8RE8WokBsc,"{'text': 'Biergarten Sudhaus', 'languageCode': 'de'}","bar, restaurant, point_of_interest, food, establishment",https://www.google.com/maps/place//data=!4m4!3m3!1s0x4799fb0053e7e725:0xc706246af144c4c3!9m1!1b1,bar
ChIJTR3JWCjxmUcRbt_RBaruRfk,"{'text': 'Ristorante Pizzeria Milano', 'languageCode': 'de'}","italian_restaurant, restaurant, food, point_of_interest, establishment",https://www.google.com/maps/place//data=!4m4!3m3!1s0x4799f12858c91d4d:0xf945eeaa05d1df6e!9m1!1b1,italian_restaurant
ChIJocMuqXPwmUcR_FQG4_XZKr8,"{'text': 'Hotel Gasthof Löwen Wankheim', 'languageCode': 'de'}","hotel, lodging, restaurant, food, point_of_interest, establishment",https://www.google.com/maps/place//data=!4m4!3m3!1s0x4799f073a92ec3a1:0xbf2ad9f5e30654fc!9m1!1b1,hotel
ChIJA_PuHnPwmUcRvwRYy8yGfdg,"{'text': 'Hofladen Kemmler', 'languageCode': 'de'}","bakery, breakfast_restaurant, restaurant, food_store, store, food, point_of_interest, establishment",https://www.google.com/maps/place//data=!4m4!3m3!1s0x4799f0731eeef303:0xd87d86cccb5804bf!9m1!1b1,bakery
ChIJA_PuHnPwmUcRjsZYfTvJ-ZQ,"{'text': 'Landgut Kemmler', 'languageCode': 'de'}","farmstay, coffee_shop, cafe, lodging, event_venue, restaurant, wholesaler, grocery_store, food_store, store, food, point_of_interest, establishment",https://www.google.com/maps/place//data=!4m4!3m3!1s0x4799f0731eeef303:0x94f9c93b7d58c68e!9m1!1b1,farmstay
ChIJ408GZzjwmUcRiwbNgTXYfMc,"{'text': 'Gasthof Kompf', 'languageCode': 'de'}","restaurant, point_of_interest, food, establishment",https://www.google.com/maps/place//data=!4m4!3m3!1s0x4799f03867064fe3:0xc77cd83581cd068b!9m1!1b1,restaurant
ChIJY4I8Je38mUcR-0CAwesMdWk,"{'text': ""Gasthof Hotel Rössle & Gerry's Steakhouse"", 'languageCode': 'de'}","inn, steak_house, hotel, lodging, event_venue, restaurant, food, point_of_interest, establishment",https://www.google.com/maps/place//data=!4m4!3m3!1s0x4799fced253c8263:0x69750cebc18040fb!9m1!1b1,inn
ChIJR_Kkbuv8mUcRIxl8cm8Sjig,"{'text': 'Besenwirtschaft Sieß', 'languageCode': 'de'}","restaurant, food, point_of_interest, establishment",https://www.google.com/maps/place//data=!4m4!3m3!1s0x4799fceb6ea4f247:0x288e126f727c1923!9m1!1b1,restaurant
ChIJQS69Gk_7mUcRKNZFcYeFOnI,"{'text': 'Ayla Pizza&Kebap', 'languageCode': 'de'}","restaurant, food, point_of_interest, establishment",https://www.google.com/maps/place//data=!4m4!3m3!1s0x4799fb4f1abd2e41:0x723a85877145d628!9m1!1b1,restaurant
ChIJNaEqSGT7mUcRu73mZS05U6g,"{'text': 'Gasthof Goldener Löwe', 'languageCode': 'de'}","italian_restaurant, pizza_restaurant, restaurant, food, point_of_interest, establishment",https://www.google.com/maps/place//data=!4m4!3m3!1s0x4799fb64482aa135:0xa853392d65e6bdbb!9m1!1b1,italian_restaurant
ChIJD8qT8qX7mUcRNPwWmhNddgA,"{'text': 'Memo Döner & Pizza Tübingen', 'languageCode': 'de'}","turkish_restaurant, meal_delivery, food_delivery, restaurant, food, point_of_interest, establishment",https://www.google.com/maps/place//data=!4m4!3m3!1s0x4799fba5f293ca0f:0x765d139a16fc34!9m1!1b1,turkish_restaurant
ChIJf67tt936mUcRgzFJHEdI4y0,"{'text': 'Berivan Pizza & Kebap', 'languageCode': 'de'}","pizza_restaurant, fast_food_restaurant, restaurant, food, point_of_interest, establishment",https://www.google.com/maps/place//data=!4m4!3m3!1s0x4799faddb7edae7f:0x2de348471c493183!9m1!1b1,restaurant
ChIJ52cubMVXl0cR0gcqIB2q9Q8,"{'text': 'Giglio Ristorante & Pizzeria', 'languageCode': 'de'}","italian_restaurant, restaurant, point_of_interest, food, establishment",https://www.google.com/maps/place//data=!4m4!3m3!1s0x479757c56c2e67e7:0xff5aa1d202a07d2!9m1!1b1,italian_restaurant
ChIJwynSXrr6mUcRJDnNNZkD1UU,"{'text': 'Little India Restaurant', 'languageCode': 'de'}","indian_restaurant, meal_takeaway, food_delivery, restaurant, food, point_of_interest, establishment",https://www.google.com/maps/place//data=!4m4!3m3!1s0x4799faba5ed229c3:0x45d5039935cd3924!9m1!1b1,indian_restaurant
ChIJ7azpnTnwmUcRVWTjwZxS2cI,"{'text': 'crepes creatives', 'languageCode': 'de'}","restaurant, food, point_of_interest, establishment",https://www.google.com/maps/place//data=!4m4!3m3!1s0x4799f0399de9aced:0xc2d9529cc1e36455!9m1!1b1,restaurant
ChIJefRj7Df7mUcRDoJ6nXNh-T4,"{'text': 'Schwärzlocher Hof - Gaststätte', 'languageCode': 'de'}","restaurant, food, point_of_interest, establishment",https://www.google.com/maps/place//data=!4m4!3m3!1s0x4799fb37ec63f479:0x3ef961739d7a820e!9m1!1b1,restaurant
ChIJSUfhKCz7mUcRkvW4DdzA1Ls,"{'text': 'Coyote Cafe', 'languageCode': 'de'}","bar_and_grill, mexican_restaurant, bar, restaurant, food, point_of_interest, establishment",https://www.google.com/maps/place//data=!4m4!3m3!1s0x4799fb2c28e14749:0xbbd4c0dc0db8f592!9m1!1b1,bar_and_grill
ChIJayOhYw77mUcRFmVYqY50yOg,"{'text': 'An An 2 - Vietnamese Cuisine & Sushi Bar', 'languageCode': 'de'}","vietnamese_restaurant, sushi_restaurant, japanese_restaurant, restaurant, food, point_of_interest, establishment",https://www.google.com/maps/place//data=!4m4!3m3!1s0x4799fb0e63a1236b:0xe8c8748ea9586516!9m1!1b1,vietnamese_restaurant
ChIJD0eG3Sb7mUcR69WsfL5ysa4,"{'text': 'Kabine5', 'languageCode': 'de'}","wedding_venue, bar, event_venue, restaurant, food, point_of_interest, establishment",https://www.google.com/maps/place//data=!4m4!3m3!1s0x4799fb26dd86470f:0xaeb172be7cacd5eb!9m1!1b1,restaurant
ChIJp-1HDbH7mUcRZ-0qgD-LR3w,"{'text': ""Caro's Restaurant"", 'languageCode': 'de'}","fine_dining_restaurant, vegetarian_restaurant, restaurant, point_of_interest, food, establishment",https://www.google.com/maps/place//data=!4m4!3m3!1s0x4799fbb10d47eda7:0x7c478b3f802aed67!9m1!1b1,restaurant
ChIJhfpzRzb7mUcROSM0C5xqSfA,"{'text': 'Restaurant HILLS - Burgerclub & Steakhouse', 'languageCode': 'de'}","steak_house, hamburger_restaurant, brunch_restaurant, wine_bar, breakfast_restaurant, vegan_restaurant, vegetarian_restaurant, american_restaurant, bar, restaurant, point_of_interest, food, establishment",https://www.google.com/maps/place//data=!4m4!3m3!1s0x4799fb364773fa85:0xf0496a9c0b342339!9m1!1b1,steak_house
ChIJh7m47NX6mUcRgwbJLk1vDn0,"{'text': 'Manufaktur', 'languageCode': 'en'}","restaurant, meal_takeaway, italian_restaurant, point_of_interest, food, establishment",https://www.google.com/maps/place//data=!4m4!3m3!1s0x4799fad5ecb8b987:0x7d0e6f4d2ec90683!9m1!1b1,restaurant
ChIJx8_YONT6mUcRm0S4iRVGdMI,"{'text': 'Restaurant Mauganeschtle Tübingen', 'languageCode': 'de'}","food_delivery, restaurant, point_of_interest, food, establishment",https://www.google.com/maps/place//data=!4m4!3m3!1s0x4799fad438d8cfc7:0xc274461589b8449b!9m1!1b1,restaurant
ChIJcRZLsdX6mUcRxuz_n5no2Vg,"{'text': 'Tübinger Altstadt-Besen', 'languageCode': 'de'}","restaurant, point_of_interest, food, establishment",https://www.google.com/maps/place//data=!4m4!3m3!1s0x4799fad5b14b1671:0x58d9e8999fffecc6!9m1!1b1,restaurant
ChIJ4zdnrsT7mUcRMl8z9RZeJHA,"{'text': 'Lotus Garden', 'languageCode': 'de'}","vietnamese_restaurant, restaurant, point_of_interest, food, establishment",https://www.google.com/maps/place//data=!4m4!3m3!1s0x4799fbc4ae6737e3:0x70245e16f5335f32!9m1!1b1,vietnamese_restaurant
ChIJPd27DNT6mUcRsJIx2HarEOQ,"{'text': 'Kaffeehaus Ranitzky', 'languageCode': 'en'}","cafe, bar, restaurant, point_of_interest, food, establishment",https://www.google.com/maps/place//data=!4m4!3m3!1s0x4799fad40cbbdd3d:0xe410ab76d83192b0!9m1!1b1,cafe
ChIJZygGFuj7mUcR0FJdppJTL7Q,"{'text': 'Mr.Kebab', 'languageCode': 'de'}","restaurant, food, point_of_interest, establishment",https://www.google.com/maps/place//data=!4m4!3m3!1s0x4799fbe816062867:0xb42f5392a65d52d0!9m1!1b1,restaurant
ChIJzYSKNNL6mUcR2Q5TjncJPlo,"{'text': 'China Restaurant San Bao', 'languageCode': 'en'}","chinese_restaurant, restaurant, food, point_of_interest, establishment",https://www.google.com/maps/place//data=!4m4!3m3!1s0x4799fad2348a84cd:0x5a3e09778e530ed9!9m1!1b1,chinese_restaurant
ChIJPVbqNtL6mUcRr08MEmuJIgs,"{'text': 'El Chico', 'languageCode': 'de'}","mexican_restaurant, hamburger_restaurant, bar, american_restaurant, spanish_restaurant, restaurant, cafe, food, point_of_interest, establishment",https://www.google.com/maps/place//data=!4m4!3m3!1s0x4799fad236ea563d:0xb22896b120c4faf!9m1!1b1,mexican_restaurant
ChIJizM6MAH7mUcR2jJcSvVhqD0,"{'text': 'Ltt-lokal', 'languageCode': 'de'}","mediterranean_restaurant, restaurant, food, point_of_interest, establishment",https://www.google.com/maps/place//data=!4m4!3m3!1s0x4799fb01303a338b:0x3da861f54a5c32da!9m1!1b1,mediterranean_restaurant
ChIJGTtrv9P6mUcRtLRexsK4n1E,"{'text': 'Al Dente', 'languageCode': 'de'}","italian_restaurant, restaurant, food, point_of_interest, establishment",https://www.google.com/maps/place//data=!4m4!3m3!1s0x4799fad3bf6b3b19:0x519fb8c2c65eb4b4!9m1!1b1,italian_restaurant
ChIJ62MugdH6mUcR7IeaAY_mG24,"{'text': 'Ludwigs', 'languageCode': 'de'}","restaurant, breakfast_restaurant, bar, food, point_of_interest, establishment",https://www.google.com/maps/place//data=!4m4!3m3!1s0x4799fad1812e63eb:0x6e1be68f019a87ec!9m1!1b1,restaurant
ChIJmxC1NAD7mUcR8QG5G9KY39c,"{'text': 'Luca - Pizza Napoletana', 'languageCode': 'en'}","pizza_restaurant, restaurant, food, point_of_interest, establishment",https://www.google.com/maps/place//data=!4m4!3m3!1s0x4799fb0034b5109b:0xd7df98d21bb901f1!9m1!1b1,pizza_restaurant
ChIJ4-q0kXL7mUcR6TMepV4U_lo,"{'text': 'Neckawa', 'languageCode': 'en'}","pub, bar, event_venue, restaurant, food, point_of_interest, establishment",https://www.google.com/maps/place//data=!4m4!3m3!1s0x4799fb7291b4eae3:0x5afe145ea51e33e9!9m1!1b1,pub
ChIJZxHDkQH7mUcRRJJIquhKWAs,"{'text': 'Brothersorientfood Tübingen', 'languageCode': 'de'}","meal_takeaway, restaurant, food, point_of_interest, establishment",https://www.google.com/maps/place//data=!4m4!3m3!1s0x4799fb0191c31167:0xb584ae8aa489244!9m1!1b1,meal_takeaway
ChIJ5xBo29H6mUcRhd1Q5HIO8MA,"{'text': 'Burgermeister Café Gino', 'languageCode': 'de'}","hamburger_restaurant, american_restaurant, restaurant, food, point_of_interest, establishment",https://www.google.com/maps/place//data=!4m4!3m3!1s0x4799fad1db6810e7:0xc0f00e72e450dd85!9m1!1b1,hamburger_restaurant
ChIJH7MjPs76mUcR9qC_MT4h-9E,"{'text': 'The Public pub & bar Tübingen', 'languageCode': 'de'}","bar_and_grill, hamburger_restaurant, bar, american_restaurant, restaurant, food, point_of_interest, establishment",https://www.google.com/maps/place//data=!4m4!3m3!1s0x4799face3e23b31f:0xd1fb213e31bfa0f6!9m1!1b1,bar_and_grill
ChIJuZhzLaz7mUcR-RLZoGdZK-I,"{'text': 'TÜ MEIN ESSEN', 'languageCode': 'de'}","turkish_restaurant, meal_takeaway, restaurant, food, point_of_interest, establishment",https://www.google.com/maps/place//data=!4m4!3m3!1s0x4799fbac2d7398b9:0xe22b5967a0d912f9!9m1!1b1,turkish_restaurant
ChIJHeYeH_r7mUcRjK7N2j6Lhhk,"{'text': 'MARI Restaurant Bar by Markus & Richard', 'languageCode': 'en'}","restaurant, food, point_of_interest, establishment",https://www.google.com/maps/place//data=!4m4!3m3!1s0x4799fbfa1f1ee61d:0x19868b3edacdae8c!9m1!1b1,restaurant
ChIJfe6Lh9H6mUcRgmQtePU9rSw,"{'text': 'Restaurant Istanbul Tübingen', 'languageCode': 'de'}","turkish_restaurant, fast_food_restaurant, meal_takeaway, food_delivery, pizza_restaurant, restaurant, food, point_of_interest, establishment",https://www.google.com/maps/place//data=!4m4!3m3!1s0x4799fad1878bee7d:0x2cad3df5782d6482!9m1!1b1,turkish_restaurant
ChIJKc8JAdH6mUcRaqU7PHUId9Q,"{'text': 'Gaststätte Hauptbahnhof', 'languageCode': 'de'}","restaurant, food, point_of_interest, establishment",https://www.google.com/maps/place//data=!4m4!3m3!1s0x4799fad10109cf29:0xd47708753c3ba56a!9m1!1b1,restaurant
ChIJ-VRvjtP6mUcRCRutCubOI70,"{'text': 'Bartista Drink&Lounge Cocktailbar', 'languageCode': 'de'}","bar, restaurant, cafe, food, point_of_interest, establishment",https://www.google.com/maps/place//data=!4m4!3m3!1s0x4799fad38e6f54f9:0xbd23cee60aad1b09!9m1!1b1,bar
ChIJ--n1SdL6mUcRpASGRErF91k,"{'text': ""Hao's Box"", 'languageCode': 'en'}","asian_restaurant, meal_takeaway, restaurant, food, point_of_interest, establishment",https://www.google.com/maps/place//data=!4m4!3m3!1s0x4799fad249f5e9fb:0x59f7c54a448604a4!9m1!1b1,asian_restaurant
ChIJhYDLOdL6mUcRL47TQ1nM7gU,"{'text': 'Gasthausbrauerei Neckarmüller', 'languageCode': 'de'}","restaurant, food, point_of_interest, establishment",https://www.google.com/maps/place//data=!4m4!3m3!1s0x4799fad239cb8085:0x5eecc5943d38e2f!9m1!1b1,restaurant
ChIJJYpsxbH7mUcRJ3qMsP8OmhY,"{'text': 'GenussArt | Bistro & Café | Frühstück - Salate, Bowls & mehr - Kaffee - Kuchen | vegetarisch & vegan', 'languageCode': 'de'}","cafe, catering_service, food_delivery, vegan_restaurant, vegetarian_restaurant, event_venue, restaurant, food_store, food, point_of_interest, store, establishment",https://www.google.com/maps/place//data=!4m4!3m3!1s0x4799fbb1c56c8a25:0x169a0effb08c7a27!9m1!1b1,cafe
ChIJyTShHs_6mUcRtQE7IEjPkyE,"{'text': 'Aspendos Restaurant', 'languageCode': 'de'}","turkish_restaurant, mediterranean_restaurant, restaurant, food, point_of_interest, establishment",https://www.google.com/maps/place//data=!4m4!3m3!1s0x4799facf1ea134c9:0x2193cf48203b01b5!9m1!1b1,turkish_restaurant
ChIJMTjKcn_7mUcRN2rN8A4_YZc,"{'text': 'Gardens Tübingen', 'languageCode': 'de'}","restaurant, bar, food, point_of_interest, establishment",https://www.google.com/maps/place//data=!4m4!3m3!1s0x4799fb7f72ca3831:0x97613f0ef0cd6a37!9m1!1b1,restaurant
ChIJP2j5YRb7mUcRvlrJted0Q_c,"{'text': 'Miko Döner', 'languageCode': 'de'}","turkish_restaurant, restaurant, food, point_of_interest, establishment",https://www.google.com/maps/place//data=!4m4!3m3!1s0x4799fb1661f9683f:0xf74374e7b5c95abe!9m1!1b1,turkish_restaurant
ChIJG2YqOcz6mUcRRkDqkJImqfc,"{'text': 'Restaurant Delhi Palace', 'languageCode': 'en'}","indian_restaurant, restaurant, food, point_of_interest, establishment",https://www.google.com/maps/place//data=!4m4!3m3!1s0x4799facc392a661b:0xf7a9269290ea4046!9m1!1b1,indian_restaurant
ChIJNzGjDMj6mUcRtAM9feNOR_o,"{'text': 'Bien Asien', 'languageCode': 'en'}","vietnamese_restaurant, restaurant, food, point_of_interest, establishment",https://www.google.com/maps/place//data=!4m4!3m3!1s0x4799fac80ca33137:0xfa474ee37d3d03b4!9m1!1b1,vietnamese_restaurant
ChIJgbc7VAD7mUcRFK-2BDoQmI8,"{'text': 'Emanuel Gastronomy', 'languageCode': 'de'}","restaurant, food, point_of_interest, establishment",https://www.google.com/maps/place//data=!4m4!3m3!1s0x4799fb00543bb781:0x8f98103a04b6af14!9m1!1b1,restaurant
ChIJ56qMUeH7mUcRH0fK0cu5eIM,"{'text': 'EAT HAPPY', 'languageCode': 'de'}","sushi_restaurant, meal_takeaway, japanese_restaurant, restaurant, food, point_of_interest, establishment",https://www.google.com/maps/place//data=!4m4!3m3!1s0x4799fbe1518caae7:0x8378b9cbd1ca471f!9m1!1b1,meal_takeaway
ChIJ6RNQF8j6mUcRi320am8XSNQ,"{'text': ""McDonald's"", 'languageCode': 'de'}","fast_food_restaurant, restaurant, food, point_of_interest, establishment",https://www.google.com/maps/place//data=!4m4!3m3!1s0x4799fac8175013e9:0xd448176f6ab47d8b!9m1!1b1,fast_food_restaurant
ChIJoaVQBwD7mUcRuGwWp3Y09iw,"{'text': 'Mr. & Mrs. Wurst', 'languageCode': 'de'}","fast_food_restaurant, restaurant, food, point_of_interest, establishment",https://www.google.com/maps/place//data=!4m4!3m3!1s0x4799fb000750a5a1:0x2cf63476a7166cb8!9m1!1b1,fast_food_restaurant
ChIJ1YL7FMj6mUcRusMCXLdm5JI,"{'text': 'Fischfeinkost Lauriolas', 'languageCode': 'de'}","sushi_restaurant, fast_food_restaurant, japanese_restaurant, restaurant, food, point_of_interest, establishment",https://www.google.com/maps/place//data=!4m4!3m3!1s0x4799fac814fb82d5:0x92e466b75c02c3ba!9m1!1b1,restaurant
ChIJS8J6Dsj6mUcRlc-zXwH1D-M,"{'text': 'Udo-Snack', 'languageCode': 'de'}","hamburger_restaurant, fast_food_restaurant, meal_takeaway, american_restaurant, restaurant, food, point_of_interest, establishment",https://www.google.com/maps/place//data=!4m4!3m3!1s0x4799fac80e7ac24b:0xe30ff5015fb3cf95!9m1!1b1,meal_takeaway
ChIJRZ6stsn6mUcR9Xazz9KPi4Y,"{'text': 'Kaplan Döner Kebap House', 'languageCode': 'de'}","fast_food_restaurant, restaurant, food, point_of_interest, establishment",https://www.google.com/maps/place//data=!4m4!3m3!1s0x4799fac9b6ac9e45:0x868b8fd2cfb376f5!9m1!1b1,restaurant
ChIJ3xMpjcT6mUcRI_s5Q22AZBY,"{'text': 'Meze Akademie', 'languageCode': 'de'}","greek_restaurant, mediterranean_restaurant, restaurant, food, point_of_interest, establishment",https://www.google.com/maps/place//data=!4m4!3m3!1s0x4799fac48d2913df:0x1664806d4339fb23!9m1!1b1,greek_restaurant
ChIJz36Zt7r7mUcRFRTWt7AqvHM,"{'text': 'An An', 'languageCode': 'de'}","vietnamese_restaurant, sushi_restaurant, japanese_restaurant, restaurant, point_of_interest, food, establishment",https://www.google.com/maps/place//data=!4m4!3m3!1s0x4799fbbab7997ecf:0x73bc2ab0b7d61415!9m1!1b1,vietnamese_restaurant
ChIJ688m6Q77mUcRgGyaJljddKs,"{'text': 'Grill California', 'languageCode': 'en'}","restaurant, point_of_interest, food, establishment",https://www.google.com/maps/place//data=!4m4!3m3!1s0x4799fb0ee926cfeb:0xab74dd58269a6c80!9m1!1b1,restaurant
ChIJS2PzG4n7mUcRkLDEHydEi_0,"{'text': ""Abhi's Lieferservice"", 'languageCode': 'en'}","restaurant, meal_delivery, food_delivery, point_of_interest, food, establishment",https://www.google.com/maps/place//data=!4m4!3m3!1s0x4799fb891bf3634b:0xfd8b44271fc4b090!9m1!1b1,restaurant
ChIJa8lCtLP6mUcRDmCYosD7Ozk,"{'text': 'JAPENGO', 'languageCode': 'de'}","restaurant, wedding_venue, event_venue, point_of_interest, food, establishment",https://www.google.com/maps/place//data=!4m4!3m3!1s0x4799fab3b442c96b:0x393bfbc0a298600e!9m1!1b1,restaurant
ChIJE5A7XwD7mUcRo1kHbllmqWs,"{'text': 'Venezia', 'languageCode': 'de'}","restaurant, point_of_interest, food, establishment",https://www.google.com/maps/place//data=!4m4!3m3!1s0x4799fb005f3b9013:0x6ba966596e0759a3!9m1!1b1,restaurant
ChIJFT2wv8DvmUcRCZn_Fe_ieMA,"{'text': 'Etna Ristorante', 'languageCode': 'en'}","indian_restaurant, meal_delivery, food_delivery, meal_takeaway, restaurant, food, point_of_interest, establishment",https://www.google.com/maps/place//data=!4m4!3m3!1s0x4799efc0bfb03d15:0xc078e2ef15ff9909!9m1!1b1,indian_restaurant
ChIJqyQigITvmUcRH53hnYXytbw,"{'text': 'Taj Tandoori', 'languageCode': 'en'}","restaurant, food, point_of_interest, establishment",https://www.google.com/maps/place//data=!4m4!3m3!1s0x4799ef84802224ab:0xbcb5f2859de19d1f!9m1!1b1,restaurant
ChIJcxCnJsHxmUcRytI8wyoNivk,"{'text': 'Kreis Pizza & Kebap Haus Kusterdingen', 'languageCode': 'de'}","restaurant, food, point_of_interest, establishment",https://www.google.com/maps/place//data=!4m4!3m3!1s0x4799f1c126a71073:0xf98a0d2ac33cd2ca!9m1!1b1,restaurant
ChIJw_pHyuHvmUcRk7YxCvcKsuY,"{'text': 'Im Höfle', 'languageCode': 'de'}","restaurant, food, point_of_interest, establishment",https://www.google.com/maps/place//data=!4m4!3m3!1s0x4799efe1ca47fac3:0xe6b20af70a31b693!9m1!1b1,restaurant
ChIJ__8LtM78mUcRcAT-4qM_S-w,"{'text': 'Pfäffinger Pizza & Kebap Haus', 'languageCode': 'de'}","turkish_restaurant, restaurant, food, point_of_interest, establishment",https://www.google.com/maps/place//data=!4m4!3m3!1s0x4799fcceb40bffff:0xec4b3fa3e2fe0470!9m1!1b1,turkish_restaurant
ChIJSzCy1M38mUcRVWSmSvdyhrM,"{'text': 'Pizzeria da Roberto', 'languageCode': 'de'}","italian_restaurant, pizza_restaurant, restaurant, point_of_interest, food, establishment",https://www.google.com/maps/place//data=!4m4!3m3!1s0x4799fccdd4b2304b:0xb38672f74aa66455!9m1!1b1,italian_restaurant
ChIJYaIpZrT8mUcR_skNcYIxOvE,"{'text': 'Hotel LAMM - Restaurant & Spezialitäten-Brennerei Volker Theurer', 'languageCode': 'de'}","hotel, inn, liquor_store, farm, lodging, store, restaurant, point_of_interest, food, establishment",https://www.google.com/maps/place//data=!4m4!3m3!1s0x4799fcb46629a261:0xf13a3182710dc9fe!9m1!1b1,hotel
ChIJJwv_GjX7mUcRBqUKy2UwLVo,"{'text': 'Hotel Restaurant Kreuzberg', 'languageCode': 'de'}","restaurant, hotel, lodging, food, point_of_interest, establishment",https://www.google.com/maps/place//data=!4m4!3m3!1s0x4799fb351aff0b27:0x5a2d3065cb0aa506!9m1!1b1,restaurant
ChIJe9Db17D7mUcRlW40zvrs5Jc,"{'text': 'Tetova Bar pavillon', 'languageCode': 'de'}","restaurant, cafe, night_club, bar, point_of_interest, food, establishment",https://www.google.com/maps/place//data=!4m4!3m3!1s0x4799fbb0d7dbd07b:0x97e4ecface346e95!9m1!1b1,restaurant
ChIJP_9lmxz7mUcRelv5YnPMnH8,"{'text': ""Domino's Pizza Tübingen Nord"", 'languageCode': 'de'}","pizza_restaurant, restaurant, point_of_interest, food, establishment",https://www.google.com/maps/place//data=!4m4!3m3!1s0x4799fb1c9b65ff3f:0x7f9ccc7362f95b7a!9m1!1b1,pizza_restaurant
ChIJjX6b37j7mUcR76qIt43y1mY,"{'text': 'EAT HAPPY', 'languageCode': 'de'}","sushi_restaurant, meal_takeaway, japanese_restaurant, restaurant, point_of_interest, food, establishment",https://www.google.com/maps/place//data=!4m4!3m3!1s0x4799fbb8df9b7e8d:0x66d6f28db788aaef!9m1!1b1,meal_takeaway
ChIJ2RLhhi37mUcR3Ib6lzocwd4,"{'text': 'Bakery Gehr bakery', 'languageCode': 'en'}","bakery, coffee_shop, breakfast_restaurant, cafe, food_store, store, restaurant, point_of_interest, food, establishment",https://www.google.com/maps/place//data=!4m4!3m3!1s0x4799fb2d86e112d9:0xdec11c3a97fa86dc!9m1!1b1,bakery
ChIJsdMa-Mv5mUcRXIWM1xoh7OU,"{'text': 'PizzA.K Tübingen', 'languageCode': 'de'}","fast_food_restaurant, italian_restaurant, pizza_restaurant, meal_delivery, food_delivery, food_store, store, restaurant, point_of_interest, food, establishment",https://www.google.com/maps/place//data=!4m4!3m3!1s0x4799f9cbf81ad3b1:0xe5ec211ad78c855c!9m1!1b1,meal_delivery
ChIJMZaKHtX6mUcR7uFoaPtVSJQ,"{'text': 'Liquid Kelter', 'languageCode': 'de'}","restaurant, bar, point_of_interest, food, establishment",https://www.google.com/maps/place//data=!4m4!3m3!1s0x4799fad51e8a9631:0x944855fb6868e1ee!9m1!1b1,restaurant
ChIJm7waYdT6mUcRxPFyE982gE0,"{'text': 'Veggi', 'languageCode': 'de'}","restaurant, point_of_interest, food, establishment",https://www.google.com/maps/place//data=!4m4!3m3!1s0x4799fad4611abc9b:0x4d8036df1372f1c4!9m1!1b1,restaurant
ChIJh1I8Olz7mUcR_2HEc2I1Hdk,"{'text': 'SaiGon 1994 Restaurant', 'languageCode': 'de'}","vietnamese_restaurant, restaurant, point_of_interest, food, establishment",https://www.google.com/maps/place//data=!4m4!3m3!1s0x4799fb5c3a3c5287:0xd91d356273c461ff!9m1!1b1,vietnamese_restaurant
ChIJbxg5UNT6mUcRY_RPFW_mgjg,"{'text': 'Restaurant Krumme Brücke', 'languageCode': 'de'}","restaurant, point_of_interest, food, establishment",https://www.google.com/maps/place//data=!4m4!3m3!1s0x4799fad45039186f:0x3882e66f154ff463!9m1!1b1,restaurant
ChIJx9bystX6mUcR8SrlfjLmxGQ,"{'text': 'Gaststätte Storchen', 'languageCode': 'en'}","pub, bar, restaurant, point_of_interest, food, establishment",https://www.google.com/maps/place//data=!4m4!3m3!1s0x4799fad5b2f2d6c7:0x64c4e6327ee52af1!9m1!1b1,pub
ChIJk3Y4aNT6mUcR2EM9uIhX7jA,"{'text': 'Alte Kunst', 'languageCode': 'de'}","italian_restaurant, meal_takeaway, pizza_restaurant, restaurant, point_of_interest, food, establishment",https://www.google.com/maps/place//data=!4m4!3m3!1s0x4799fad468387693:0x30ee5788b83d43d8!9m1!1b1,italian_restaurant
ChIJ2Rh88NT6mUcRxz8-sJea3Es,"{'text': 'Griechische Gaststätte BAVARIA', 'languageCode': 'de'}","greek_restaurant, restaurant, point_of_interest, food, establishment",https://www.google.com/maps/place//data=!4m4!3m3!1s0x4799fad4f07c18d9:0x4bdc9a97b03e3fc7!9m1!1b1,greek_restaurant
ChIJKaszZ9T6mUcR8N35L-N12yE,"{'text': 'Gaststätte X', 'languageCode': 'de'}","meal_takeaway, hamburger_restaurant, american_restaurant, restaurant, point_of_interest, food, establishment",https://www.google.com/maps/place//data=!4m4!3m3!1s0x4799fad46733ab29:0x21db75e32ff9ddf0!9m1!1b1,meal_takeaway
ChIJvRZrMCv7mUcRVFhflbgx6fU,"{'text': 'China-Thai-Wok', 'languageCode': 'de'}","asian_restaurant, chinese_restaurant, restaurant, point_of_interest, food, establishment",https://www.google.com/maps/place//data=!4m4!3m3!1s0x4799fb2b306b16bd:0xf5e931b8955f5854!9m1!1b1,asian_restaurant
ChIJR-qD39T6mUcR-BZbH4SLbmk,"{'text': 'Laf Laf', 'languageCode': 'de'}","fast_food_restaurant, restaurant, point_of_interest, food, establishment",https://www.google.com/maps/place//data=!4m4!3m3!1s0x4799fad4df83ea47:0x696e8b841f5b16f8!9m1!1b1,fast_food_restaurant
ChIJvXdF6ir7mUcRN0DV2i7M_6A,"{'text': 'Kapadokya Döner', 'languageCode': 'de'}","turkish_restaurant, restaurant, point_of_interest, food, establishment",https://www.google.com/maps/place//data=!4m4!3m3!1s0x4799fb2aea4577bd:0xa0ffcc2edad54037!9m1!1b1,turkish_restaurant
ChIJ9UfZazf7mUcRkr_CR2lfeCs,"{'text': 'Ivan Imbiss', 'languageCode': 'de'}","restaurant, point_of_interest, food, establishment",https://www.google.com/maps/place//data=!4m4!3m3!1s0x4799fb376bd947f5:0x2b785f6947c2bf92!9m1!1b1,restaurant
ChIJc-huVdT6mUcR81h3AxKXJVw,"{'text': 'Gasthaus Bären', 'languageCode': 'de'}","restaurant, pub, bar, point_of_interest, food, establishment",https://www.google.com/maps/place//data=!4m4!3m3!1s0x4799fad4556ee873:0x5c259712037758f3!9m1!1b1,restaurant
ChIJAX3cZNT6mUcRZt1F8PcjdsQ,"{'text': 'Cafe Im Hirsch', 'languageCode': 'en'}","cafe, coffee_shop, breakfast_restaurant, cafeteria, food_store, store, restaurant, point_of_interest, food, establishment",https://www.google.com/maps/place//data=!4m4!3m3!1s0x4799fad464dc7d01:0xc47623f7f045dd66!9m1!1b1,cafe
ChIJZ9kADtP6mUcRF3IM1orJ8aI,"{'text': 'Die Wurstküche', 'languageCode': 'de'}","restaurant, point_of_interest, food, establishment",https://www.google.com/maps/place//data=!4m4!3m3!1s0x4799fad30e00d967:0xa2f1c98ad60c7217!9m1!1b1,restaurant
ChIJ5bNxBdP6mUcRoihNgmDzZl4,"{'text': 'Esszimmer', 'languageCode': 'de'}","restaurant, meal_takeaway, point_of_interest, food, establishment",https://www.google.com/maps/place//data=!4m4!3m3!1s0x4799fad30571b3e5:0x5e66f360824d28a2!9m1!1b1,restaurant
ChIJn5ANpsv7mUcRGS2GWvH2-qs,"{'text': '1821 Tübingen', 'languageCode': 'de'}","restaurant, bar, point_of_interest, food, establishment",https://www.google.com/maps/place//data=!4m4!3m3!1s0x4799fbcba60d909f:0xabfaf6f15a862d19!9m1!1b1,restaurant
ChIJjV18-gf7mUcR8beCFXcUfCg,"{'text': ""Salam's Burger"", 'languageCode': 'de'}","hamburger_restaurant, american_restaurant, restaurant, point_of_interest, food, establishment",https://www.google.com/maps/place//data=!4m4!3m3!1s0x4799fb07fa7c5d8d:0x287c14771582b7f1!9m1!1b1,hamburger_restaurant
ChIJufklmdT6mUcRhpc9UMwZkZ0,"{'text': 'Da Bruna Ristorante e Pizzeria', 'languageCode': 'de'}","italian_restaurant, cafe, pizza_restaurant, bar, restaurant, point_of_interest, food, establishment",https://www.google.com/maps/place//data=!4m4!3m3!1s0x4799fad49925f9b9:0x9d9119cc503d9786!9m1!1b1,italian_restaurant
ChIJ8dHXli3lmUcRbSsbGrUNotc,"{'text': 'Saints & Scholars Tübingen', 'languageCode': 'de'}","restaurant, cafe, bar, point_of_interest, food, establishment",https://www.google.com/maps/place//data=!4m4!3m3!1s0x4799e52d96d7d1f1:0xd7a20db51a1b2b6d!9m1!1b1,restaurant
ChIJg0VvmC3lmUcRIg_4wHp7_as,"{'text': 'Uni-Café-Ristorante Unckel', 'languageCode': 'de'}","restaurant, cafe, italian_restaurant, pizza_restaurant, point_of_interest, food, establishment",https://www.google.com/maps/place//data=!4m4!3m3!1s0x4799e52d986f4583:0xabfd7b7ac0f80f22!9m1!1b1,restaurant
ChIJraX0HdP6mUcRb9JGr9jEChQ,"{'text': 'Kado-Ya', 'languageCode': 'en'}","sushi_restaurant, meal_takeaway, japanese_restaurant, restaurant, point_of_interest, food, establishment",https://www.google.com/maps/place//data=!4m4!3m3!1s0x4799fad31df4a5ad:0x140ac4d8af46d26f!9m1!1b1,sushi_restaurant
ChIJ_dVnFhvlmUcRfhmfBNArRdk,"{'text': 'Oggys Grill', 'languageCode': 'de'}","fast_food_restaurant, restaurant, point_of_interest, food, establishment",https://www.google.com/maps/place//data=!4m4!3m3!1s0x4799e51b1667d5fd:0xd9452bd0049f197e!9m1!1b1,fast_food_restaurant
ChIJYR6MeNP6mUcRX0PfqXYXqks,"{'text': 'Kichererbse', 'languageCode': 'de'}","vegetarian_restaurant, mediterranean_restaurant, fast_food_restaurant, vegan_restaurant, restaurant, point_of_interest, food, establishment",https://www.google.com/maps/place//data=!4m4!3m3!1s0x4799fad3788c1e61:0x4baa1776a9df435f!9m1!1b1,vegetarian_restaurant
ChIJpTQs8kf7mUcRu0kj6vnrsKY,"{'text': 'Asia-Imbiss Wok-In', 'languageCode': 'de'}","asian_restaurant, restaurant, point_of_interest, food, establishment",https://www.google.com/maps/place//data=!4m4!3m3!1s0x4799fb47f22c34a5:0xa6b0ebf9ea2349bb!9m1!1b1,asian_restaurant
ChIJQ4bnEdP6mUcR3w2eH4yFf1c,"{'text': 'Salam Imbiss Tübingen', 'languageCode': 'de'}","fast_food_restaurant, vegan_restaurant, vegetarian_restaurant, meal_takeaway, restaurant, point_of_interest, food, establishment",https://www.google.com/maps/place//data=!4m4!3m3!1s0x4799fad311e78643:0x577f858c1f9e0ddf!9m1!1b1,meal_takeaway
ChIJr9SsptT6mUcR9NExCd4X4cg,"{'text': 'El Pecado', 'languageCode': 'en'}","bar_and_grill, hamburger_restaurant, american_restaurant, bar, restaurant, point_of_interest, food, establishment",https://www.google.com/maps/place//data=!4m4!3m3!1s0x4799fad4a6acd4af:0xc8e117de0931d1f4!9m1!1b1,bar_and_grill
ChIJ-cNv8NL6mUcRHISbWYKIM3s,"{'text': 'café bar centrale tübingen', 'languageCode': 'de'}","pizza_restaurant, italian_restaurant, meal_delivery, food_delivery, food_store, store, bar, restaurant, point_of_interest, food, establishment",https://www.google.com/maps/place//data=!4m4!3m3!1s0x4799fad2f06fc3f9:0x7b338882599b841c!9m1!1b1,pizza_restaurant
ChIJkcyzhNP6mUcRtktmko5aqu4,"{'text': 'Collegium', 'languageCode': 'de'}","restaurant, coffee_shop, pub, cafe, food_store, store, bar, point_of_interest, food, establishment",https://www.google.com/maps/place//data=!4m4!3m3!1s0x4799fad384b3cc91:0xeeaa5a8e92664bb6!9m1!1b1,restaurant
ChIJRzFgy-PlmUcRzLsMfKylwKU,"{'text': 'Veggie Box', 'languageCode': 'de'}","restaurant, point_of_interest, food, establishment",https://www.google.com/maps/place//data=!4m4!3m3!1s0x4799e5e3cb603147:0xa5c0a5ac7c0cbbcc!9m1!1b1,restaurant
ChIJje5bKfDlmUcRC8fNgelZCOk,"{'text': 'Uni Kebap Tübingen', 'languageCode': 'de'}","fast_food_restaurant, restaurant, point_of_interest, food, establishment",https://www.google.com/maps/place//data=!4m4!3m3!1s0x4799e5f0295bee8d:0xe90859e981cdc70b!9m1!1b1,fast_food_restaurant
ChIJWx4tXFblmUcRViP-8xsrhKQ,"{'text': 'Bistro Büssinghalle', 'languageCode': 'de'}","restaurant, point_of_interest, food, establishment",https://www.google.com/maps/place//data=!4m4!3m3!1s0x4799e5565c2d1e5b:0xa4842b1bf3fe2356!9m1!1b1,restaurant
ChIJR0Mm-sDlmUcRxk-E8onH10c,"{'text': 'Ramo‘s Kebap', 'languageCode': 'de'}","turkish_restaurant, restaurant, point_of_interest, food, establishment",https://www.google.com/maps/place//data=!4m4!3m3!1s0x4799e5c0fa264347:0x47d7c789f2844fc6!9m1!1b1,turkish_restaurant
ChIJzSXehNP6mUcR1zxxeaopBXM,"{'text': ""Hao's Box"", 'languageCode': 'de'}","restaurant, point_of_interest, food, establishment",https://www.google.com/maps/place//data=!4m4!3m3!1s0x4799fad384de25cd:0x730529aa79713cd7!9m1!1b1,restaurant
ChIJY5aK-HzlmUcRE2DDREeXjFs,"{'text': 'Restaurant Meteora', 'languageCode': 'de'}","restaurant, food, point_of_interest, establishment",https://www.google.com/maps/place//data=!4m4!3m3!1s0x4799e57cf88a9663:0x5b8c974744c36013!9m1!1b1,restaurant
ChIJNSQcFTLlmUcRMjfy7P5wo4M,"{'text': 'Africa Bar & Restaurant', 'languageCode': 'de'}","african_restaurant, restaurant, food, point_of_interest, establishment",https://www.google.com/maps/place//data=!4m4!3m3!1s0x4799e532151c2435:0x83a370feecf23732!9m1!1b1,african_restaurant
ChIJOUVdyDHlmUcR3Z4LJET3hjE,"{'text': 'Cafe Lieb Bäckerei, Konditorei', 'languageCode': 'de'}","breakfast_restaurant, cafe, bakery, restaurant, wholesaler, food_store, store, food, point_of_interest, establishment",https://www.google.com/maps/place//data=!4m4!3m3!1s0x4799e531c85d4539:0x3186f744240b9edd!9m1!1b1,bakery
ChIJFbyBpqzlmUcRsrS4bNxZiQQ,"{'text': 'Nachbarskind', 'languageCode': 'en'}","hamburger_restaurant, event_venue, american_restaurant, bar, restaurant, point_of_interest, food, establishment",https://www.google.com/maps/place//data=!4m4!3m3!1s0x4799e5aca681bc15:0x48959dc6cb8b4b2!9m1!1b1,hamburger_restaurant
ChIJC-BPdEnlmUcRej3fAMmVk7s,"{'text': 'Restaurant Rose', 'languageCode': 'de'}","greek_restaurant, restaurant, point_of_interest, food, establishment",https://www.google.com/maps/place//data=!4m4!3m3!1s0x4799e549744fe00b:0xbb9395c900df3d7a!9m1!1b1,greek_restaurant
ChIJ7QTcxknlmUcRG-l-4dpdfps,"{'text': 'Pizzeria Da Giovanni', 'languageCode': 'de'}","pizza_restaurant, restaurant, point_of_interest, food, establishment",https://www.google.com/maps/place//data=!4m4!3m3!1s0x4799e549c6dc04ed:0x9b7e5ddae17ee91b!9m1!1b1,pizza_restaurant
ChIJM6uNUkjlmUcRMfZcvy5-RZQ,"{'text': 'Ristorante Basilikum', 'languageCode': 'de'}","italian_restaurant, restaurant, point_of_interest, food, establishment",https://www.google.com/maps/place//data=!4m4!3m3!1s0x4799e548528dab33:0x94457e2ebf5cf631!9m1!1b1,italian_restaurant
ChIJP0jxB6TlmUcRf1HFfU3YNGY,"{'text': 'Kohenoor - Indisches Restaurant', 'languageCode': 'en'}","restaurant, wine_bar, vegan_restaurant, vegetarian_restaurant, liquor_store, seafood_restaurant, indian_restaurant, store, bar, point_of_interest, food, establishment",https://www.google.com/maps/place//data=!4m4!3m3!1s0x4799e5a407f1483f:0x6634d84d7dc5517f!9m1!1b1,restaurant
ChIJ3aQPnUnlmUcRzkmnkC2_IH4,"{'text': 'Lustnauer Mühle', 'languageCode': 'de'}","italian_restaurant, meal_takeaway, pizza_restaurant, restaurant, point_of_interest, food, establishment",https://www.google.com/maps/place//data=!4m4!3m3!1s0x4799e5499d0fa4dd:0x7e20bf2d90a749ce!9m1!1b1,italian_restaurant
ChIJoUYu3kzlmUcRvZlFPGwwndg,"{'text': 'Ristorante Riva', 'languageCode': 'de'}","italian_restaurant, mediterranean_restaurant, restaurant, point_of_interest, food, establishment",https://www.google.com/maps/place//data=!4m4!3m3!1s0x4799e54cde2e46a1:0xd89d306c3c4599bd!9m1!1b1,italian_restaurant
ChIJmb0peSr7mUcRO0zCHnvboT0,"{'text': 'Samphat Thai', 'languageCode': 'de'}","thai_restaurant, asian_restaurant, restaurant, point_of_interest, food, establishment",https://www.google.com/maps/place//data=!4m4!3m3!1s0x4799fb2a7929bd99:0x3da1db7b1ec24c3b!9m1!1b1,thai_restaurant
ChIJXVULY07lmUcR5Hc68-T4sE8,"{'text': 'Gaststätte Waldhorn', 'languageCode': 'de'}","greek_restaurant, restaurant, point_of_interest, food, establishment",https://www.google.com/maps/place//data=!4m4!3m3!1s0x4799e54e630b555d:0x4fb0f8e4f33a77e4!9m1!1b1,greek_restaurant
ChIJEUaSPwr7mUcRAfhBvves8XM,"{'text': 'Crêpes Bretonnes', 'languageCode': 'de'}","catering_service, dessert_shop, confectionery, food_delivery, food_store, store, restaurant, point_of_interest, food, establishment",https://www.google.com/maps/place//data=!4m4!3m3!1s0x4799fb0a3f924611:0x73f1acf7be41f801!9m1!1b1,dessert_shop
ChIJ-5bKf3XlmUcRwRfmsVBct1g,"{'text': 'Bocciabahn Tübingen - Juegos de Bochas', 'languageCode': 'en'}","mexican_restaurant, fast_food_restaurant, restaurant, point_of_interest, food, establishment",https://www.google.com/maps/place//data=!4m4!3m3!1s0x4799e5757fca96fb:0x58b75c50b1e617c1!9m1!1b1,mexican_restaurant
ChIJhXygP6rlmUcRRwcCYXLOVHg,"{'text': 'Café Ape eXpressi eXotica', 'languageCode': 'de'}","catering_service, food_delivery, meal_takeaway, restaurant, food, point_of_interest, establishment",https://www.google.com/maps/place//data=!4m4!3m3!1s0x4799e5aa3fa07c85:0x7854ce7261020747!9m1!1b1,catering_service
ChIJb87QMvvvmUcRYdeqUzszdvw,"{'text': 'Sportheimgaststätte Kusterdingen', 'languageCode': 'de'}","greek_restaurant, restaurant, point_of_interest, food, establishment",https://www.google.com/maps/place//data=!4m4!3m3!1s0x4799effb32d0ce6f:0xfc76333b53aad761!9m1!1b1,greek_restaurant
ChIJD8cLouHvmUcRxuWsiRy5vaQ,"{'text': 'Stern Kebap', 'languageCode': 'en'}","fast_food_restaurant, restaurant, food, point_of_interest, establishment",https://www.google.com/maps/place//data=!4m4!3m3!1s0x4799efe1a20bc70f:0xa4bdb91c89ace5c6!9m1!1b1,restaurant
ChIJmeaTGqbkmUcRYlcjcAJ-MPw,"{'text': 'Gaststätte im Abseits', 'languageCode': 'de'}","restaurant, food, point_of_interest, establishment",https://www.google.com/maps/place//data=!4m4!3m3!1s0x4799e4a61a93e699:0xfc307e0270235762!9m1!1b1,restaurant
ChIJ40zo7rjkmUcRCDvZLgXSLhQ,"{'text': 'Hofgut Rosenau', 'languageCode': 'de'}","restaurant, food, point_of_interest, establishment",https://www.google.com/maps/place//data=!4m4!3m3!1s0x4799e4b8eee84ce3:0x142ed2052ed93b08!9m1!1b1,restaurant
ChIJ7Xg1psXkmUcRV6_twhzPxrw,"{'text': 'mensa infopoint', 'languageCode': 'en'}","restaurant, point_of_interest, food, establishment",https://www.google.com/maps/place//data=!4m4!3m3!1s0x4799e4c5a63578ed:0xbcc6cf1cc2edaf57!9m1!1b1,restaurant
ChIJR5q2bpTlmUcR1piHipJGNR0,"{'text': 'Faros - eine Ouzo Philosophie', 'languageCode': 'de'}","greek_restaurant, bar, restaurant, food, point_of_interest, establishment",https://www.google.com/maps/place//data=!4m4!3m3!1s0x4799e5946eb69a47:0x1d3546928a8798d6!9m1!1b1,greek_restaurant
ChIJu9cZ7YvlmUcRRPS7OxAUI6k,"{'text': 'Spicetripping Foodtruck', 'languageCode': 'de'}","indian_restaurant, restaurant, food, point_of_interest, establishment",https://www.google.com/maps/place//data=!4m4!3m3!1s0x4799e58bed19d7bb:0xa92314103bbbf444!9m1!1b1,indian_restaurant
ChIJS41IiCblmUcRPdcnWt4Nixg,"{'text': 'Max-Planck-Haus', 'languageCode': 'de'}","restaurant, cafe, food, point_of_interest, establishment",https://www.google.com/maps/place//data=!4m4!3m3!1s0x4799e52688488d4b:0x188b0dde5a27d73d!9m1!1b1,restaurant
ChIJG0vPRLPlmUcRoKUqhj2hJD0,"{'text': 'Yellow Donkey - Greek Cantine', 'languageCode': 'en'}","fast_food_restaurant, restaurant, food, point_of_interest, establishment",https://www.google.com/maps/place//data=!4m4!3m3!1s0x4799e5b344cf4b1b:0x3d24a13d862aa5a0!9m1!1b1,fast_food_restaurant
ChIJXfSTCkjlmUcRcqn42kwRveI,"{'text': 'Roma Pizza Service', 'languageCode': 'en'}","thai_restaurant, meal_delivery, pizza_restaurant, indian_restaurant, food_delivery, meal_takeaway, mexican_restaurant, restaurant, food, point_of_interest, establishment",https://www.google.com/maps/place//data=!4m4!3m3!1s0x4799e5480a93f45d:0xe2bd114cdaf8a972!9m1!1b1,meal_delivery
ChIJ1af7iUjlmUcR8WaWMmlD4oY,"{'text': 'Café/Bistro Backstein', 'languageCode': 'de'}","breakfast_restaurant, meal_takeaway, restaurant, food, point_of_interest, establishment",https://www.google.com/maps/place//data=!4m4!3m3!1s0x4799e54889fba7d5:0x86e24369329666f1!9m1!1b1,restaurant
ChIJ6aEkk_7lmUcRCLa65OvMH-M,"{'text': 'Liki Burger', 'languageCode': 'de'}","hamburger_restaurant, food_delivery, fast_food_restaurant, meal_takeaway, american_restaurant, restaurant, food, point_of_interest, establishment",https://www.google.com/maps/place//data=!4m4!3m3!1s0x4799e5fe9324a1e9:0xe31fccebe4bab608!9m1!1b1,hamburger_restaurant
ChIJX1SOPxnlmUcRTx2RPioMClc,"{'text': 'Lustnauer Imbiss', 'languageCode': 'de'}","restaurant, fast_food_restaurant, food, point_of_interest, establishment",https://www.google.com/maps/place//data=!4m4!3m3!1s0x4799e5193f8e545f:0x570a0c2a3e911d4f!9m1!1b1,restaurant
ChIJ_VpZalvlmUcRoBsbqcaz3S4,"{'text': 'Bella Vista', 'languageCode': 'de'}","italian_restaurant, restaurant, food, point_of_interest, establishment",https://www.google.com/maps/place//data=!4m4!3m3!1s0x4799e55b6a595afd:0x2eddb3c6a91b1ba0!9m1!1b1,italian_restaurant
ChIJrUyJiKPkmUcRHFmBOZZcK7E,"{'text': 'Gaststätte Grüner Baum', 'languageCode': 'de'}","restaurant, point_of_interest, food, establishment",https://www.google.com/maps/place//data=!4m4!3m3!1s0x4799e4a388894cad:0xb12b5c963981591c!9m1!1b1,restaurant
ChIJJz8pQ-DkmUcRrJp3p-gAar4,"{'text': 'Landgasthaus Waldhäuser Hof', 'languageCode': 'de'}","garden, bar, restaurant, park, cafe, food, point_of_interest, establishment",https://www.google.com/maps/place//data=!4m4!3m3!1s0x4799e4e043293f27:0xbe6a00e8a7779aac!9m1!1b1,restaurant
ChIJz5Y6At3kmUcR2tnooD8-CDs,"{'text': 'Bella Roma + Lieferservice', 'languageCode': 'de'}","italian_restaurant, food_delivery, pizza_restaurant, restaurant, food, point_of_interest, establishment",https://www.google.com/maps/place//data=!4m4!3m3!1s0x4799e4dd023a96cf:0x3b083e3fa0e8d9da!9m1!1b1,italian_restaurant
ChIJ7T7QTNzkmUcR9Ztys8-kztw,"{'text': 'CAFÉ KUNSTHALLE TÜBINGEN', 'languageCode': 'de'}","cafe, coffee_shop, restaurant, food_store, food, point_of_interest, store, establishment",https://www.google.com/maps/place//data=!4m4!3m3!1s0x4799e4dc4cd03eed:0xdccea4cfb3729bf5!9m1!1b1,cafe
ChIJH48DT9zkmUcRKhveGoFGiyc,"{'text': 'Morra Imbiss', 'languageCode': 'en'}","fast_food_restaurant, meal_takeaway, restaurant, food, point_of_interest, establishment",https://www.google.com/maps/place//data=!4m4!3m3!1s0x4799e4dc4f038f1f:0x278b46811ade1b2a!9m1!1b1,meal_takeaway
ChIJbdl5MlblmUcRah5QRIPAcOE,"{'text': 'City Treff libanesischer Imbiss -Café - Bar', 'languageCode': 'de'}","meal_takeaway, restaurant, food, point_of_interest, establishment",https://www.google.com/maps/place//data=!4m4!3m3!1s0x4799e5563279d96d:0xe170c08344501e6a!9m1!1b1,meal_takeaway
ChIJcUF03eHkmUcRCZQIbEG1YXw,"{'text': 'Restaurant Reithaus', 'languageCode': 'en'}","italian_restaurant, pizza_restaurant, restaurant, food, point_of_interest, establishment",https://www.google.com/maps/place//data=!4m4!3m3!1s0x4799e4e1dd744171:0x7c61b5416c089409!9m1!1b1,italian_restaurant
ChIJtTclK-DkmUcRPwa7adA9-xs,"{'text': 'Sumalee Thai Imbiss', 'languageCode': 'de'}","thai_restaurant, meal_takeaway, restaurant, food, point_of_interest, establishment",https://www.google.com/maps/place//data=!4m4!3m3!1s0x4799e4e02b2537b5:0x1bfb3dd069bb063f!9m1!1b1,restaurant
ChIJq0RPM-RmCUERF0gX2wQVdg4,"{'text': 'Waldgaststätte Goldersbachklause', 'languageCode': 'de'}","restaurant, hiking_area, park, sports_activity_location, food, point_of_interest, establishment",https://www.google.com/maps/place//data=!4m4!3m3!1s0x410966e4334f44ab:0xe761504db174817!9m1!1b1,restaurant
ChIJy30wJWLlmUcRGJ40nGv8D-0,"{'text': 'Zum Albblick - Pfrondorf', 'languageCode': 'en'}","restaurant, food, point_of_interest, establishment",https://www.google.com/maps/place//data=!4m4!3m3!1s0x4799e56225307dcb:0xed0ffc6b9c349e18!9m1!1b1,restaurant
ChIJwecUc47vmUcRBM6a6MMKtiU,"{'text': 'RAOUL RISTORANTE PIZZERIA', 'languageCode': 'en'}","restaurant, point_of_interest, food, establishment",https://www.google.com/maps/place//data=!4m4!3m3!1s0x4799ef8e7314e7c1:0x25b60ac3e89ace04!9m1!1b1,restaurant
ChIJm1H70o3vmUcR0WZwseUvxp0,"{'text': 'Wanderheim Rauhalde', 'languageCode': 'en'}","restaurant, point_of_interest, food, establishment",https://www.google.com/maps/place//data=!4m4!3m3!1s0x4799ef8dd2fb519b:0x9dc62fe5b17066d1!9m1!1b1,restaurant
ChIJA_FmRxnjmUcRHn4gWdhC3LM,"{'text': 'Entringen Regenbogen Imbiss', 'languageCode': 'de'}","meal_takeaway, restaurant, food, point_of_interest, establishment",https://www.google.com/maps/place//data=!4m4!3m3!1s0x4799e3194766f103:0xb3dc42d859207e1e!9m1!1b1,meal_takeaway
ChIJw5-ZOBnjmUcRPyT8yovYOpc,"{'text': 'Restaurant & Ferienwohnung Ägäis', 'languageCode': 'de'}","greek_restaurant, lodging, restaurant, food, point_of_interest, establishment",https://www.google.com/maps/place//data=!4m4!3m3!1s0x4799e31938999fc3:0x973ad88bcafc243f!9m1!1b1,greek_restaurant
ChIJzfpylmvjmUcRIKcqixozE10,"{'text': 'Schloss Hohenentringen', 'languageCode': 'de'}","restaurant, tourist_attraction, bar, point_of_interest, food, establishment",https://www.google.com/maps/place//data=!4m4!3m3!1s0x4799e36b9672facd:0x5d13331a8b2aa720!9m1!1b1,restaurant
ChIJRdMzCwDjmUcR2BT6lcz4jAU,"{'text': 'Biergarten Schloss Hohenentringen', 'languageCode': 'de'}","restaurant, point_of_interest, food, establishment",https://www.google.com/maps/place//data=!4m4!3m3!1s0x4799e3000b33d345:0x58cf8cc95fa14d8!9m1!1b1,restaurant
ChIJu799TxbjmUcRwZMZGgSPayc,"{'text': 'Alfred Bauer GmbH', 'languageCode': 'de'}","bar, restaurant, point_of_interest, food, establishment",https://www.google.com/maps/place//data=!4m4!3m3!1s0x4799e3164f7dbfbb:0x276b8f041a1993c1!9m1!1b1,bar
ChIJO3k_Gf7kmUcRw8DOOAJfBak,"{'text': 'Landhotel Hirsch', 'languageCode': 'de'}","restaurant, catering_service, food_delivery, hotel, lodging, food, point_of_interest, establishment",https://www.google.com/maps/place//data=!4m4!3m3!1s0x4799e4fe193f793b:0xa9055f0238cec0c3!9m1!1b1,restaurant
ChIJQ90LhXzlmUcRM2dWhyTtXAg,"{'text': 'Ginger & Fred - Café und Kultur', 'languageCode': 'de'}","cafe, coffee_shop, korean_restaurant, restaurant, food_store, store, food, point_of_interest, establishment",https://www.google.com/maps/place//data=!4m4!3m3!1s0x4799e57c850bdd43:0x85ced2487566733!9m1!1b1,cafe
ChIJa8lCtLP6mUcREkdw8YsXSY0,"{'text': 'Rainbow Dance Factory', 'languageCode': 'de'}","restaurant, food, point_of_interest, establishment",https://www.google.com/maps/place//data=!4m4!3m3!1s0x4799fab3b442c96b:0x8d49178bf1704712!9m1!1b1,
ChIJGUEaZwDjmUcRdEBXQx5TF-8,"{'text': 'Sportheim Mobil', 'languageCode': 'de'}","meal_takeaway, restaurant, food, point_of_interest, establishment",https://www.google.com/maps/place//data=!4m4!3m3!1s0x4799e300671a4119:0xef17531e43574074!9m1!1b1,meal_takeaway
ChIJ568fclxmCUER3Io5Wo4bDyc,"{'text': 'Sportheim TGV Entringen', 'languageCode': 'de'}","italian_restaurant, meal_takeaway, food_delivery, restaurant, food, point_of_interest, establishment",https://www.google.com/maps/place//data=!4m4!3m3!1s0x4109665c721fafe7:0x270f1b8e5a398adc!9m1!1b1,italian_restaurant
ChIJOXu42gHlmUcRGqtWRyGEimY,"{'text': 'Schranners Waldhorn', 'languageCode': 'de'}","restaurant, mediterranean_restaurant, food, point_of_interest, establishment",https://www.google.com/maps/place//data=!4m4!3m3!1s0x4799e501dab87b39:0x668a84214756ab1a!9m1!1b1,restaurant
